Workbook
Name fuel_petrol: Factors!$B$5
Name fuel_diesel: Factors!$B$6
Name gas: Factors!$B$7
Name elec: Factors!$B$8
Name elec_td: Factors!$B$9
Name car_mile: Factors!$B$10
Name rail_mile: Factors!$B$11
Name waste_mixed: Factors!$B$12
Name waste_recycle: Factors!$B$13

Sheet Start here
A1: Carbon Reduction Plan — emissions workbook
A2: Fill the amber cells only. Everything grey is calculated. Nothing here is pre-filled with a number I could not verify.
B4: WHAT THIS PRODUCES
B5: Six numbers: Scope 1, Scope 2 and Scope 3 for the baseline year, and the same three for the reporting year. Those six go straight into question 141 of the DPS questionnaire and into sections 4 and 5 of the Carbon Reduction Plan.
B7: BEFORE YOU START — one download
B8: Search for: UK Government greenhouse gas reporting conversion factors. Download the 'condensed set' spreadsheet for the year you are reporting. You will copy six or seven numbers out of it.
B9: No conversion factor is pre-filled in this workbook. They change every year, and a factor typed from memory into a cell that ends up under your signature is invented data that looks like real data. The 'Factors' sheet names the exact row to copy for each one.
B11: THE ORDER
B12: 1. Factors — paste the published values. Do this first; nothing totals until it is done.
B13: 2. Scope 1 — fuel you burned in a vehicle or premises you control. If your car is personal and you claim mileage, it is NOT here: it is Scope 3 category 6.
B14: 3. Scope 2 — electricity you bought. Bills, kWh.
B15: 4. Scope 3 — the five categories PPN 06/21 requires, and only those five.
B16: 5. Summary — reads the six numbers off. Check the three tests are green before you use them.
B18: IF A NUMBER IS GENUINELY ZERO
... B25: In your first year they are the same period and both columns carry the same figures. That is correct and expected for a new organisation — say so in the plan rather than leaving the second table empty.

Sheet Factors
A1: Conversion factors — paste from the published Government set
A2: Amber cells only. Each row names the exact line to copy. Do not type a remembered value.
A4: Factor | B4: Value | C4: Unit | D4: The row to copy from the Government condensed set
A5: Petrol (average biofuel blend) | C5: kg CO2e / litre | D5: Fuels → Petrol (average biofuel blend) → kg CO2e per litre
A6: Diesel (average biofuel blend) | C6: kg CO2e / litre | D6: Fuels → Diesel (average biofuel blend) → kg CO2e per litre
A7: Natural gas | C7: kg CO2e / kWh | D7: Fuels → Gaseous fuels → Natural gas → kg CO2e per kWh
A8: UK electricity — generation | C8: kg CO2e / kWh | D8: UK electricity → Electricity generated → kg CO2e per kWh. Location-based.
A9: UK electricity — T&D losses | C9: kg CO2e / kWh | D9: UK electricity T&D → kg CO2e per kWh. Add to the line above for the location-based total.
A10: Average car, unknown fuel | C10: kg CO2e / mile | D10: Business travel – land → Cars (by size) → Average car → Unknown fuel → kg CO2e per mile
A11: National rail | C11: kg CO2e / mile | D11: Business travel – land → Rail → National rail → kg CO2e per passenger mile
A12: Commercial and industrial waste to landfill | C12: kg CO2e / tonne | D12: Waste disposal → Commercial and industrial waste → Landfill → kg CO2e per tonne
A13: Mixed recycling | C13: kg CO2e / tonne | D13: Waste disposal → Mixed recycling → Closed-loop → kg CO2e per tonne
A15: Factor set year | D15: State this in the plan. A figure that cannot be reproduced is not evidence.

Sheet Scope 1
A1: Scope 1 — fuel burned in assets you own or control
A2: If the vehicle is personal and reimbursed by mileage, it is NOT Scope 1. It belongs in Scope 3 category 6.
A4: Activity | B4: Baseline activity | C4: Reporting activity | D4: Factor (from Factors) | E4: Baseline tCO2e | F4: Reporting tCO2e | G4: Note — source of the figure, or why it is nil
A5: Petrol — company or leased vehicle (litres) | D5: =fuel_petrol | E5: =IF(OR(B5="",D5=""),"",B5*D5/1000) | F5: =IF(OR(C5="",D5=""),"",C5*D5/1000)
A6: Diesel — company or leased vehicle (litres) | D6: =fuel_diesel | E6: =IF(OR(B6="",D6=""),"",B6*D6/1000) | F6: =IF(OR(C6="",D6=""),"",C6*D6/1000)
A7: Natural gas — premises under your control (kWh) | D7: =gas | E7: =IF(OR(B7="",D7=""),"",B7*D7/1000) | F7: =IF(OR(C7="",D7=""),"",C7*D7/1000)
A8: TOTAL Scope 1 | E8: =SUM(E5:E7) | F8: =SUM(F5:F7)
A10: Check — every row with activity has a factor | B10: =IF(SUMPRODUCT(--(((B5:B7<>"")+(C5:C7<>""))>0),--(D5:D7=""))=0,"OK — nothing is being counted without a published factor","INCOMPLETE — a row has activity but no conversion factor. Fill the Factors sheet.")

Sheet Scope 2
A1: Scope 2 — purchased electricity
A2: Location-based: generation factor plus transmission and distribution losses. State the method in the plan and keep it the same every year.
A4: Activity | B4: Baseline activity | C4: Reporting activity | D4: Factor (from Factors) | E4: Baseline tCO2e | F4: Reporting tCO2e | G4: Note — source of the figure, or why it is nil
A5: Electricity — generation (kWh) | D5: =elec | E5: =IF(OR(B5="",D5=""),"",B5*D5/1000) | F5: =IF(OR(C5="",D5=""),"",C5*D5/1000)
A6: Electricity — T&D losses (same kWh) | D6: =elec_td | E6: =IF(OR(B6="",D6=""),"",B6*D6/1000) | F6: =IF(OR(C6="",D6=""),"",C6*D6/1000)
A7: TOTAL Scope 2 | E7: =SUM(E5:E6) | F7: =SUM(F5:F6)
A9: Check — every row with activity has a factor | B9: =IF(SUMPRODUCT(--(((B5:B6<>"")+(C5:C6<>""))>0),--(D5:D6=""))=0,"OK — nothing is being counted without a published factor","INCOMPLETE — a row has activity but no conversion factor. Fill the Factors sheet.")

Sheet Scope 3
A1: Scope 3 — the five categories PPN 06/21 requires
A2: Categories 4, 5, 6, 7 and 9 of the GHG Protocol. Not a summarised Scope 3 number, and not all fifteen.
A4: Activity | B4: Baseline activity | C4: Reporting activity | D4: Factor (from Factors) | E4: Baseline tCO2e | F4: Reporting tCO2e | G4: Note — source of the figure, or why it is nil
A5: Cat 4 — Upstream transport: supplier deliveries (miles) | D5: =car_mile | E5: =IF(OR(B5="",D5=""),"",B5*D5/1000) | F5: =IF(OR(C5="",D5=""),"",C5*D5/1000)
A6: Cat 5 — Waste to landfill (tonnes) | D6: =waste_mixed | E6: =IF(OR(B6="",D6=""),"",B6*D6/1000) | F6: =IF(OR(C6="",D6=""),"",C6*D6/1000)
A7: Cat 5 — Waste recycled (tonnes) | D7: =waste_recycle | E7: =IF(OR(B7="",D7=""),"",B7*D7/1000) | F7: =IF(OR(C7="",D7=""),"",C7*D7/1000)
A8: Cat 6 — Business travel: car (miles) | D8: =car_mile | E8: =IF(OR(B8="",D8=""),"",B8*D8/1000) | F8: =IF(OR(C8="",D8=""),"",C8*D8/1000)
A9: Cat 6 — Business travel: rail (miles) | D9: =rail_mile | E9: =IF(OR(B9="",D9=""),"",B9*D9/1000) | F9: =IF(OR(C9="",D9=""),"",C9*D9/1000)
A10: Cat 7 — Employee commuting (miles) | D10: =car_mile | E10: =IF(OR(B10="",D10=""),"",B10*D10/1000) | F10: =IF(OR(C10="",D10=""),"",C10*D10/1000)
A11: Cat 9 — Downstream transport (miles) | D11: =car_mile | E11: =IF(OR(B11="",D11=""),"",B11*D11/1000) | F11: =IF(OR(C11="",D11=""),"",C11*D11/1000)
A12: TOTAL Scope 3 | E12: =SUM(E5:E11) | F12: =SUM(F5:F11)
A14: Check — every row with activity has a factor | B14: =IF(SUMPRODUCT(--(((B5:B11<>"")+(C5:C11<>""))>0),--(D5:D11=""))=0,"OK — nothing is being counted without a published factor","INCOMPLETE — a row has activity but no conversion factor. Fill the Factors sheet.")
A17: Check — all five required categories addressed | B17: =IF(COUNTBLANK(B5:B11)+COUNTBLANK(C5:C11)=0,"OK — every category carries a figure or an explicit zero","INCOMPLETE — a category is blank. A blank means you did not look; a zero means you looked. PPN 06/21 requires all five.")

Sheet Summary
A1: The six numbers
A2: These go into question 141 of the questionnaire and sections 4 and 5 of the Carbon Reduction Plan. Check the tests below are green first.
B4: Baseline year (tCO2e) | C4: Reporting year (tCO2e) | D4: Where it goes
A5: Scope 1 | B5: ='Scope 1'!E8 | C5: ='Scope 1'!F8 | D5: Q141 Baseline Scope 1 / Reporting Scope 1
A6: Scope 2 | B6: ='Scope 2'!E7 | C6: ='Scope 2'!F7 | D6: Q141 Baseline Scope 2 / Reporting Scope 2
A7: Scope 3 (the five required categories) | B7: ='Scope 3'!E12 | C7: ='Scope 3'!F12 | D7: Q141 Baseline Scope 3 / Reporting Scope 3
A8: TOTAL EMISSIONS | B8: =SUM(B5:B7) | C8: =SUM(C5:C7)
A10: Change against baseline | B10: =IF(B8=0,"",(C8-B8)/B8) | D10: Zero in year one, when the baseline and the reporting year are the same period.
A12: Test 1 — the factor sheet has been filled | B12: =IF(COUNT(Factors!B5:B13)=0,"NOT DONE — no conversion factor has been entered. Every figure above is zero because of it.","OK — "&COUNT(Factors!B5:B13)&" factors entered")
A13: Test 2 — the summary matches the rows, not just the totals | B13: =IF(ROUND(B8-(SUMPRODUCT('Scope 1'!B5:B7,'Scope 1'!D5:D7)+SUMPRODUCT('Scope 2'!B5:B6,'Scope 2'!D5:D6)+SUMPRODUCT('Scope 3'!B5:B11,'Scope 3'!D5:D11))/1000,4)=0,"OK — the baseline total equals activity x factor across all three sheets","DOES NOT RECONCILE — a total has been overtyped, or a row sits outside its total")
A14: Test 3 — Scope 3 covers all five required categories | B14: =IF(COUNTBLANK('Scope 3'!B5:B11)+COUNTBLANK('Scope 3'!C5:C11)=0,"OK — all five categories carry a figure or an explicit zero","INCOMPLETE — see the Scope 3 sheet")
A16: Do not sign section 8 of the Carbon Reduction Plan until all three tests read OK.
