Workbook

Sheet ReadMe
B2: TENDER EVALUATION MODEL
B3: ETABLIX — Integrated Site Services, part of Groupe Nseya
B6: WHAT IT DOES | C6: Scores quality against published criteria, normalises price, combines the two on the published split, and then asks the question that decides whether an award will survive being challenged: would a different weighting have picked a different winner?
B8: THE ORDER | C8: 1. Criteria — set the criteria and weightings BEFORE tenders are opened, and publish them in the ITT.
C9: 2. Scores — each evaluator scores each tenderer against each criterion, 0 to 5, with a written reason.
C10: 3. Prices — enter tendered prices exactly as returned, before any negotiation.
C11: 4. Result — the combined score, the ranking, and the margin between first and second.
C12: 5. Sensitivity — the test that matters. If a small change in weighting flips the winner, the award is fragile and you need to know now.
B14: THE RULE THAT MATTERS | C14: Weightings are set and published before tenders are opened, and are not changed afterwards. A weighting adjusted once the prices are known is not an evaluation, it is a justification, and it is the single commonest reason an award is successfully challenged.
B16: SCORING | C16: 0 — no response, or wholly non-compliant. 1 — poor, major concerns. 2 — below the requirement. 3 — meets the requirement. 4 — above the requirement, evidenced. 5 — excellent, evidenced, adds value. A score of 3 is a pass. Scores of 4 and 5 require evidence in the tender, not an impression of the tenderer.
B18: PRICE | C18: Lowest compliant price scores full marks; the others score in proportion. Set out in the ITT so nobody is surprised. An abnormally low tender is flagged rather than accepted: the check is on the Result sheet and the duty is to ask, not to assume.
B20: AUDIT | C20: Every score carries the evaluator's name and a written reason. Moderation is recorded as a change from the raw score with its own reason. If you cannot explain a score to the tenderer who lost, it is not yet a score.

Sheet Criteria
B2: EVALUATION CRITERIA AND WEIGHTINGS
B3: Set and published in the ITT before tenders are opened. Blue cells are yours. The weightings must total 100%.
B5: Ref | C5: Criterion | D5: Weighting within quality | E5: What a score of 3 looks like — the pass mark
B6: Q1 | C6: Understanding of the scope and its interfaces | D6: 0.19 | E6: Identifies the package boundaries and names what is handed over to and from each adjacent package. A tenderer who has not read the interface schedule scores 2.
B7: Q2 | C7: Method statement and buildability | D7: 0.19 | E7: A method that is specific to this site and this programme, not a generic capability statement with the project name changed.
B8: Q3 | C8: Programme and resource realism | D8: 0.15 | E8: Resources match the durations offered. A programme that cannot be resourced from the histogram provided scores 2 however attractive its end date.
B9: Q4 | C9: Key personnel and their availability | D9: 0.1 | E9: Named individuals with relevant experience, and a stated percentage of their time on this contract.
B10: Q5 | C10: Health, safety and environmental approach | D10: 0.12 | E10: Specific to the hazards of this scope. Accident statistics alone score 2.
B11: Q6 | C11: Quality, inspection and handover | D11: 0.1 | E11: An ITP proportionate to the works, and a handover pack defined at tender rather than negotiated at completion.
B12: Q7 | C12: Supply chain and delivery security | D12: 0.09 | E12: Named suppliers for long-lead items with lead times stated and evidenced.
B13: Q8 | C13: Social value and local employment | D13: 0.06 | E13: Commitments that are measurable and reportable, not aspirations.
C14: QUALITY CRITERIA — TOTAL (must be 100%) | D14: =SUM(D6:D13) | E14: These are shares of the quality element, not of the whole evaluation. The quality/price split is set below.
C15: QUALITY / PRICE SPLIT — quality share | D15: 0.6 | E15: The split is a decision, not a default. Where the risk is interface failure rather than rate, a higher quality share buys a better outcome — and you must be able to say why you chose it, before tenders are opened.
C16: price share | D16: =1-D15 | E16: Follows from the quality share. The two always total 100%.
C17: Check | D17: =IF(ROUND(D14,4)<>1,"ERROR: quality criteria total "&TEXT(D14,"0.0%")&" — they must total 100%",IF(ROUND(D15+D16,4)<>1,"ERROR: the split does not total 100%","Correct — criteria total 100%, split totals 100%"))

Sheet Prices
B2: TENDERED PRICES AND PRICE SCORE
B3: Prices exactly as returned, before any negotiation or arithmetic correction. Correct arithmetic separately and record it.
C5: Tenderer | D5: Tenderer 1 | E5: Tenderer 2 | F5: Tenderer 3 | G5: Tenderer 4 | H5: Tenderer 5
C6: Fixed price element
C7: Provisional sums
C8: Dayworks / remeasure allowance
C9: Design fee
C10: Qualifications priced separately
C11: TENDER TOTAL | D11: =SUM(D6:D10) | E11: =SUM(E6:E10) | F11: =SUM(F6:F10) | G11: =SUM(G6:G10) | H11: =SUM(H6:H10)
C13: Lowest compliant tender | D13: =MIN(D11:H11)
C14: Mean of all tenders | D14: =AVERAGE(D11:H11)
C16: PRICE SCORE (of 5) | D16: =IF(D11=0,0,5*$D$13/D11) | E16: =IF(E11=0,0,5*$D$13/E11) | F16: =IF(F11=0,0,5*$D$13/F11) | G16: =IF(G11=0,0,5*$D$13/G11) | H16: =IF(H11=0,0,5*$D$13/H11) | J16: Lowest price scores 5; the others in proportion. Stated in the ITT so no tenderer is surprised.
C18: Abnormally low check | D18: =IF(D11=0,"",IF(D11<$D$14*0.75,"ASK","ok")) | E18: =IF(E11=0,"",IF(E11<$D$14*0.75,"ASK","ok")) | F18: =IF(F11=0,"",IF(F11<$D$14*0.75,"ASK","ok")) | G18: =IF(G11=0,"",IF(G11<$D$14*0.75,"ASK","ok")) | H18: =IF(H11=0,"",IF(H11<$D$14*0.75,"ASK","ok")) | J18: Flagged at more than 25% below the mean. The duty is to ask the tenderer to explain, in writing, before excluding or accepting. A tender that is low because the tenderer is efficient is a good tender; one that is low because they have missed a scope is a claim waiting to happen.

Sheet Scores
B2: QUALITY SCORES
B3: 0–5 against each criterion. Every score needs a written reason — if you cannot explain it to the tenderer who lost, it is not a score.
C5: Tenderer | D5: =Prices!D5 | E5: =Prices!E5 | F5: =Prices!F5 | G5: =Prices!G5 | H5: =Prices!H5 | J5: Reason for the scores on this criterion
B6: =Criteria!B6 | C6: =Criteria!C6
B7: =Criteria!B7 | C7: =Criteria!C7
B8: =Criteria!B8 | C8: =Criteria!C8
B9: =Criteria!B9 | C9: =Criteria!C9
B10: =Criteria!B10 | C10: =Criteria!C10
B11: =Criteria!B11 | C11: =Criteria!C11
B12: =Criteria!B12 | C12: =Criteria!C12
B13: =Criteria!B13 | C13: =Criteria!C13
C15: WEIGHTED QUALITY SCORE (of 5) | D15: =SUMPRODUCT(D6:D13,Criteria!$D$6:$D$13) | E15: =SUMPRODUCT(E6:E13,Criteria!$D$6:$D$13) | F15: =SUMPRODUCT(F6:F13,Criteria!$D$6:$D$13) | G15: =SUMPRODUCT(G6:G13,Criteria!$D$6:$D$13) | H15: =SUMPRODUCT(H6:H13,Criteria!$D$6:$D$13) | J15: Weighted across the quality criteria, then rebased so it is out of 5 like the price score.
C16: Any criterion scoring 0 or 1? | D16: =IF(COUNTIF(D6:D13,"<=1")>0,"REVIEW","ok") | E16: =IF(COUNTIF(E6:E13,"<=1")>0,"REVIEW","ok") | F16: =IF(COUNTIF(F6:F13,"<=1")>0,"REVIEW","ok") | G16: =IF(COUNTIF(G6:G13,"<=1")>0,"REVIEW","ok") | H16: =IF(COUNTIF(H6:H13,"<=1")>0,"REVIEW","ok") | J16: A 0 or 1 on any criterion usually means non-compliance rather than a weak answer. Decide whether the tender is compliant at all before letting the weighted average carry it.

Sheet Result
B2: RESULT
B3: Quality and price combined on the published split. Then the question that decides whether this award survives being challenged.
C5: Tenderer | D5: =Prices!D5 | E5: =Prices!E5 | F5: =Prices!F5 | G5: =Prices!G5 | H5: =Prices!H5
C6: Tender total | D6: =Prices!D11 | E6: =Prices!E11 | F6: =Prices!F11 | G6: =Prices!G11 | H6: =Prices!H11
C7: Quality score (of 5) | D7: =Scores!D15 | E7: =Scores!E15 | F7: =Scores!F15 | G7: =Scores!G15 | H7: =Scores!H15
C8: Price score (of 5) | D8: =Prices!D16 | E8: =Prices!E16 | F8: =Prices!F16 | G8: =Prices!G16 | H8: =Prices!H16
C10: COMBINED SCORE (of 5) | D10: =D7*Criteria!$D$15+D8*Criteria!$D$16 | E10: =E7*Criteria!$D$15+E8*Criteria!$D$16 | F10: =F7*Criteria!$D$15+F8*Criteria!$D$16 | G10: =G7*Criteria!$D$15+G8*Criteria!$D$16 | H10: =H7*Criteria!$D$15+H8*Criteria!$D$16
C11: Rank | D11: =IF(D6=0,"",RANK(D10,$D$10:$H$10,0)) | E11: =IF(E6=0,"",RANK(E10,$D$10:$H$10,0)) | F11: =IF(F6=0,"",RANK(F10,$D$10:$H$10,0)) | G11: =IF(G6=0,"",RANK(G10,$D$10:$H$10,0)) | H11: =IF(H6=0,"",RANK(H10,$D$10:$H$10,0))
C13: Winning tenderer | D13: =IFERROR(INDEX($D$5:$H$5,MATCH(1,$D$11:$H$11,0)),"—")
C14: Winning combined score | D14: =MAX($D$10:$H$10) | J14: The number the award is made on.
C15: Second place score | D15: =LARGE($D$10:$H$10,2)
C16: Margin, first over second | D16: =D14-D15 | J16: The whole question is whether this margin is bigger than the noise in the scoring.
C17: Margin as % of the winning score | D17: =IFERROR(D16/D14,0) | J17: Under about 3% the two tenders are, honestly, level. Say so and decide on something you can defend rather than on a decimal.
A19: SENSITIVITY — WOULD A DIFFERENT WEIGHTING HAVE CHANGED THE WINNER?
C20: The weightings were published before tenders were opened and are not changed. This is not a re-run — it is a test of how much the result depends on a judgement made before anyone knew the prices. If the winner flips inside a reasonable band, the award is fragile, and it is far better to know that now than in a letter from the runner-up's solicitor.
C21: Price weighting tested | D21: =Prices!D5 | E21: =Prices!E5 | F21: =Prices!F5 | G21: =Prices!G5 | H21: =Prices!H5 | J21: Winner at this weighting
C22: 0.2 | D22: =D7*(1-$C22)+D8*$C22 | E22: =E7*(1-$C22)+E8*$C22 | F22: =F7*(1-$C22)+F8*$C22 | G22: =G7*(1-$C22)+G8*$C22 | H22: =H7*(1-$C22)+H8*$C22 | J22: =IFERROR(INDEX($D$21:$H$21,MATCH(MAX($D22:$H22),$D22:$H22,0)),"—")
C23: 0.3 | D23: =D7*(1-$C23)+D8*$C23 | E23: =E7*(1-$C23)+E8*$C23 | F23: =F7*(1-$C23)+F8*$C23 | G23: =G7*(1-$C23)+G8*$C23 | H23: =H7*(1-$C23)+H8*$C23 | J23: =IFERROR(INDEX($D$21:$H$21,MATCH(MAX($D23:$H23),$D23:$H23,0)),"—")
C24: 0.4 | D24: =D7*(1-$C24)+D8*$C24 | E24: =E7*(1-$C24)+E8*$C24 | F24: =F7*(1-$C24)+F8*$C24 | G24: =G7*(1-$C24)+G8*$C24 | H24: =H7*(1-$C24)+H8*$C24 | J24: =IFERROR(INDEX($D$21:$H$21,MATCH(MAX($D24:$H24),$D24:$H24,0)),"—")
C25: 0.5 | D25: =D7*(1-$C25)+D8*$C25 | E25: =E7*(1-$C25)+E8*$C25 | F25: =F7*(1-$C25)+F8*$C25 | G25: =G7*(1-$C25)+G8*$C25 | H25: =H7*(1-$C25)+H8*$C25 | J25: =IFERROR(INDEX($D$21:$H$21,MATCH(MAX($D25:$H25),$D25:$H25,0)),"—")
C26: 0.6 | D26: =D7*(1-$C26)+D8*$C26 | E26: =E7*(1-$C26)+E8*$C26 | F26: =F7*(1-$C26)+F8*$C26 | G26: =G7*(1-$C26)+G8*$C26 | H26: =H7*(1-$C26)+H8*$C26 | J26: =IFERROR(INDEX($D$21:$H$21,MATCH(MAX($D26:$H26),$D26:$H26,0)),"—")
C27: 0.7 | D27: =D7*(1-$C27)+D8*$C27 | E27: =E7*(1-$C27)+E8*$C27 | F27: =F7*(1-$C27)+F8*$C27 | G27: =G7*(1-$C27)+G8*$C27 | H27: =H7*(1-$C27)+H8*$C27 | J27: =IFERROR(INDEX($D$21:$H$21,MATCH(MAX($D27:$H27),$D27:$H27,0)),"—")
C29: Winner stable across the band? | D29: =IF(COUNTIF(J22:J27,J22)=6,"STABLE — the same tenderer wins from 20% to 70% price weighting","FRAGILE — the winner changes with the weighting")
C31: A FRAGILE result is not a reason to change the weighting. It is a reason to look harder at the quality scores, moderate them properly, and be certain the reasons written against each one would stand up if read aloud. If the result is still fragile after that, the two tenders really are equivalent — and the honest answer is to say so and decide on a stated tie-break, not to pretend a decimal place settled it.
